date,headline,category,sentiment
2023-12-27,Why cement prices are high despite surplus production,General,Negative
2023-12-27,Empowerment drive to benefit small enterprises,General,Neutral
2023-12-25,Tanzania gets nod to expand spectrum for faster internet,General,Neutral
2023-12-19,Tanzania crafting policies for young innovators,General,Neutral
2023-12-19,"Samia pledges action on ETS, dollar woes, power",General,Neutral
2023-12-11,World Bank acts on abuse claims in Tanzania park project,General,Neutral
2023-12-11,Empowering Indigenous Communities for Collaborative Prosperity amid COP28 Discussions,General,Neutral
2023-12-06,Airtel Africa calls for stronger public-private collaboration at COP28,General,Neutral
2023-11-30,LuckyDodo unveils AI-poweredbusinessintelligence in Tanzania,General,Neutral
2023-11-27,"New digital app to ease vehicle servicing, repair",General,Neutral
2023-11-27,"NMB named biggest, most compliant taxpayer",General,Neutral
2023-11-23,Businessanalysts urged to embrace emerging technologies,General,Neutral
2023-11-20,"Innovation, research set to benefit from Sh9 billion state funding",General,Neutral
2023-11-17,Facebook advertisers in Tanzania to start paying 18 percent VAT,General,Neutral
2023-11-15,Tanzania’s statistics master plan receives $82 million boost,General,Neutral
2023-11-14,Kenya’s loans 60pc more expensive than Tanzania,General,Negative
2023-11-12,Areas to grow East Africa’s digital economy identified,General,Neutral
2023-11-08,Obstacles as entrepreneurs explore digital economy,General,Neutral
2023-11-06,Investors decry costs of standards approval,General,Negative
2023-10-26,How digital transformation is reshaping education financing at HESLB,General,Neutral
2023-10-23,Extractive sector’s role in tackling climate change,General,Neutral
2023-10-19,Food vendors' digital registration underway,General,Neutral
2023-10-17,Private health providers in Dar es Salaam complain of delayed NHIF payments,General,Negative
2023-10-16,Global recovery revs up domestic manufacturing,General,Positive
2023-10-14,Tanzania's first locally-assembled aircraft unveiled,General,Neutral
2023-10-10,Tanzania takes a step closer to oil discovery,General,Neutral
2023-10-09,Tanzania now focuses on geophysical research,General,Neutral
2023-10-02,How local content can stem illicit financial flows,General,Neutral
2023-09-29,Tanzania mining practices impress Ugandan experts,General,Neutral
2023-09-25,Tanzania to construct Sh18 billion information centre to promote tourism in southern circuit,General,Neutral
2023-09-17,"Mercedes-Benz, CFAO Motors pledge to acceleratebusinessefficiency in Tanzania",General,Neutral
2023-09-17,Tanzania ready to embrace smart cities technologies,General,Neutral
2023-08-31,Businessback on track as MCL rebounds from fire scare,General,Positive
2023-08-29,"Negotiate investment disputes out of court, says TLS President",General,Neutral
2023-08-23,Why startup owners fail to commercialise operations,General,Neutral
2023-08-14,Government injects Sh600 million into renovation of Moshi market,General,Neutral
2023-08-12,Sh40 billion Watumishi Housing Investments project to address housing challenges,General,Neutral
2023-08-11,How $24 million project can create horticulture millionaires,General,Neutral
2023-08-10,Firms ‘require $747m to clear outstanding fuel payments’,General,Negative
2023-07-22,Why private sector’s investment in pharmaceutical industry is crucial,General,Neutral
2023-07-19,Tanzania’s strategy to reduce unemployment,General,Neutral
2023-07-19,Why some regions lag behind in financial inclusion,General,Neutral
2023-07-16,How Tanzania can boost local content development,General,Neutral
2023-07-10,DSE turnover down despite improvement in key indices,General,Negative
2023-07-07,The East Africa Commercial and Logistics Center Limited to open next year,General,Neutral
2023-07-07,Whybusinessis booming in Namanga,General,Positive
2023-07-05,Why DSE trading fell sharply in first half of 2023,General,Negative
2023-07-04,Government warns against fertiliser smuggling,General,Neutral
2023-07-03,Why digital transformation is crucial for food processors and packagers,General,Neutral
2023-06-22,Stakeholders commend government plans to launch startup policy,General,Neutral
2023-06-22,Benefits and challenges of Vicoba,General,Neutral
2023-06-22,How new $300 million glass factory will save Tanzania billions,General,Positive
2023-06-20,How effective use of EFD and rolling out of ETS has boosted revenue collection,General,Positive
2023-06-20,"Government to release 10-year ICT plan, says Nape Nnauye",General,Neutral
2023-06-19,Tanzania path to a strong digital backbone,General,Neutral
2023-06-18,How Tanzania can play leading role in fourth industrial revolution,General,Neutral
2023-06-16,How this budget embraces digital technologies,General,Neutral
2023-06-15,Bridging the digital divide to empower rural Tanzania,General,Neutral
2023-06-01,"New system simplifies drone importation, registration",General,Neutral
2023-05-30,"MCL, Institute of Directors in Tanzania enter RWI partnership",General,Neutral
2023-05-29,Expert: Climate change offers opportunities to private sector,General,Neutral
2023-05-23,Why aviation soared in the first 10 months of 2022/23,General,Neutral
2023-05-19,How Tanzania plans to benefit from carbon creditbusiness,General,Positive
2023-05-17,French connection to help local start-ups tick,General,Neutral
2023-05-17,Sh1.67 trillion education budget to focus on five key areas,General,Neutral
2023-05-15,Kariakoo traders go on strike over levies,General,Negative
2023-05-06,Tanzania government defends Tanga Cement acquisition,General,Neutral
2023-05-05,Why trillions in investment will deliver positive results,General,Positive
2023-04-24,Tanzania third fastest growing economy in Africa,General,Positive
2023-04-20,Tanzania's tourism earnings rebound beyond pre-pandemic,General,Positive
2023-04-17,Why East Africa could become Africa's economic giant,General,Neutral
2023-04-16,Tanzania to overtake Kenya as largest economy in 10 years,General,Positive
2023-04-13,Arusha airport undergoes Sh6.3 billion expansion,General,Neutral
2023-04-08,CAG report reveals social security fund loss-making buildings,General,Negative
2023-04-07,Who inflated Air Tanzania’s cargo plane invoice?,General,Neutral
2023-04-04,SBT assures consumers of adequate sugar supply,General,Neutral
2023-04-01,Tanzanians are not aware of gold value addition: Research,General,Neutral
2023-03-29,Bus operators breathe sigh of relief as makers open local office in Dar,General,Neutral
2023-03-27,War on fake seeds gets fresh impetus,General,Neutral
2023-03-27,Why Tanzania is lagging behind in startup funding,General,Negative
2023-03-26,How Tanzania spent Sh20 trillion in 2 years on projects,General,Neutral
2023-03-25,300 food vendors get a short in the arm from Coca-Cola and Oryx Gas.,General,Positive
2023-03-24,A pan-Africanist talks about Tanzania’s economic potential,General,Neutral
2023-03-23,How Tanzania can mitigate effects of global upheavals,General,Neutral
2023-03-22,IFC chief: How to promote PPP and financial inclusion,General,Neutral
2023-03-16,How Samia’s economic diplomacy has borne fruit in just two years,General,Positive
2023-03-14,Applause as President Samia expedites strategic projects,General,Positive
2023-03-13,A pro-businessapproach that has worked wonders,General,Positive
2023-03-07,Why cash crunch is now a distant memory,General,Positive
2023-03-02,Tanzania to shift to new e-procurement,General,Neutral
2023-03-01,Tanzania and Switzerland launch chamber of commerce,General,Neutral
2023-02-28,Why Mtwara misses revenue targets,General,Negative
2023-02-27,CEOs offer proposals to spur SME growth,General,Neutral
2023-02-25,How the EU’s Sh1.4 trillion support will be spent by three Tanzanian banks,General,Neutral
2023-02-24,"Tanzania, France sign new pact to boost air links",General,Neutral
2023-02-20,Key factors behind sharp rise in cement use in Tanzania,General,Neutral
2023-02-20,What new mortgage proposition means,General,Neutral
2023-02-17,Company launches training fund for solar airship pilots in Tanzania,General,Neutral
2023-02-17,Revealed: Key sources driving rise of Tanzania's tourism,General,Neutral
2023-02-15,How Tanzania can attain new development levels,General,Neutral
2023-02-15,Tanzania floats East Africa’s largest ship,General,Neutral
2023-02-10,The real reasons for rising inflation,General,Negative
2023-02-01,Mo Dewji cements position as East Africa's top billionaire,General,Positive
2023-01-31,Tanzania among top economies in 2023,General,Neutral
2023-01-24,Manufacturers seek Parliament's intervention in tax stamps rates,General,Neutral
2023-01-20,Transporters optimistic about growth,General,Neutral
2023-01-18,"Initiatives to enhance trade on the way, says India’s envoy",General,Neutral
2023-01-17,RC Abbas touts Exim Bank in Tanzania-Commoros businesses,General,Neutral
2023-01-17,"Light at the end of tunnel for Liganga, Mchuchuma projects",General,Neutral
2023-01-16,Bolt:Businessgrowing despite challenges,General,Positive
2023-01-15,Why honeymoon is over for Arusha Mineral Centre,General,Negative
2023-01-13,Winners and losers as DSE stocks fall,General,Negative
2023-01-11,Lorry owners aggrieved at new advance tax law,General,Negative
2023-01-09,Gold miners hit with shortage of refining chemicals,General,Negative
2023-01-07,Tanzania's Tourism sector set for record numbers,General,Positive
2023-01-06,Businesscommunity expresses cautious optimism about 2023,General,Neutral
2023-01-06,Government vows to address obstacles impending forest-related trade,General,Neutral
2023-01-06,Local timber industry all set for major boost,General,Positive
2023-01-04,Kenya Airways shares suspension extended for another year,General,Negative
2023-01-04,Struggling Jatu Plc turns to Dutch consultant,General,Negative
2023-01-04,How coal drove Tanzania exports in 2022,General,Positive
2023-01-02,Why experts are upbeat on Tanzania's 2023 economic prospects,General,Positive
2023-01-02,TRA hits record monthly collection since 1996,General,Positive
2022-12-30,How Samia drove economic diplomacy agenda in 2022,General,Neutral
2022-12-28,Housing supply remains a tall order as demand grows,General,Negative
2022-12-27,"Tanzania among Africa's most innovative nations, says global body",General,Positive
2022-12-25,Christmas festivities in the face of spiraling inflation,General,Negative
2022-12-19,How World Cup finals sent Tanzania's meat exports soaring,General,Positive
2022-12-17,Williamson Diamond Sh1 billion fine sparks debate among stakeholders,General,Negative
2022-12-16,What future has in store for local startups,General,Neutral
2022-12-16,Tanzania to start using fare meter for taxis,General,Neutral
2022-12-13,"Tap heritage resources, AWHF urges Tanzania",General,Neutral
2022-12-13,TRA to start taxing small traders in Kariakoo,General,Neutral
2022-12-09,Tanzania to gain from $350 million in climate change funding,General,Positive
2022-12-09,Tanzania among best investments destinations in Africa,General,Positive
2022-12-09,Billionaires on the back foot in 2022 - UBS,General,Negative
2022-12-08,African Startup League launches challenge to empower young entrepreneurs,General,Neutral
2022-12-06,Tanzania targets upper middle-income status by 2050,General,Neutral
2022-11-30,How UK’s post-Brexit trade setup can benefit Tanzania,General,Neutral
2022-11-29,TBS set to come up with new food import guidelines,General,Neutral
2022-11-25,Potential of SMEs in empowering the women,General,Neutral
2022-11-24,How Tanzania can avoid the pitfalls inherent in SMEs concepts,General,Neutral
2022-11-22,Want to gauge SMEs sucess? Take a look at small industries,General,Neutral
2022-11-22,How Sukuk can pull more retail investors into Tanzania financial market,General,Neutral
2022-11-21,The game-changing role of SMEs in Tanzania’s economy,General,Neutral
2022-11-18,"Manufacturers up ETS pressure, TRA responds",General,Neutral
2022-11-17,How fast internet adoption could propel Tanzania’s economic growth,General,Neutral
2022-11-17,NHC brings back joint venture policy,General,Neutral
2022-11-16,TRA no longer using task forces to collect revenues,General,Neutral
2022-11-14,Samia visit ‘unlocked $150 million China avocado market’,General,Positive
2022-11-09,MPs suggest how to boost growth of economy to 7 percent,General,Neutral
2022-11-04,"Parliament team tells government to act on iron, coal projects",General,Neutral
2022-11-02,Why these 11 regions may matter to yourbusiness,General,Neutral
2022-10-31,Samia: How Dodoma Sh630 billion airport will uplift the countryside,General,Neutral
2022-10-30,Why key supermarkets quit Tanzania,General,Negative
2022-10-29,Over 900 young food vendors boosted by Coca-Cola Kwanza,General,Positive
2022-10-27,Is your company adequately capitalised?,General,Neutral
2022-10-26,TCRA: Digital economy growth on track as internet use expands,General,Neutral
2022-10-24,What EU's type C charger rule means for Tanzania,General,Neutral
2022-10-21,What the regions' diverse growth rate mean,General,Neutral
2022-10-19,Game Stores to shut down 14 outlets in East Africa,General,Negative
2022-10-18,Five firms fined Sh21 billion over Swala takeover,General,Neutral
2022-10-17,Why DSE turnover has fallen 65.5 percent,General,Negative
2022-10-12,Government reaffirms commitment to increase users of internet,General,Neutral
2022-10-10,Beverage manufacturer to empower 900 young food vendors,General,Neutral
2022-10-10,Why Sh137 billion Tanga Cement acquisition attempt flopped,General,Negative
2022-10-04,How weak financial data costs East Africa billions in lost FDI,General,Negative
2022-10-03,Businessintegration key in East Africa: AmCham chief,General,Neutral
2022-09-29,Tanzania launches Africa’s first $300 million smart economic zone,General,Positive
2022-09-28,Experts upbeat on economic growth amid global concerns,General,Neutral
2022-09-26,Why internet speeds in Tanzania still lag behind,General,Negative
2022-09-21,Winners and losers as government finally acts on levies outcry,General,Neutral
2022-09-19,Investors: This is what’s impeding reform blueprint,General,Negative
2022-09-17,The $1.6 billion real estate project in Zanzibar lies in limbo,General,Negative
2022-09-15,Optimism as government meets with mobile operators over levies,General,Neutral
2022-09-13,Experts: Why mortgage market growth is slow,General,Neutral
2022-09-09,Beverage manufacturer equips 360 food vendors,General,Neutral
2022-09-06,"Expandbusinesshorizons, private sector challenged",General,Neutral
2022-09-05,"ETS, Illicit alcohol costs Tanzania billions",General,Negative
2022-09-04,Issues affecting real estate sector in Tanzania,General,Neutral
2022-08-30,Government launches “Silicon Zanzibar” initiative with Wasoko,General,Neutral
2022-08-27,Impact of levies on cashless economy,General,Neutral
2022-08-27,Making finance work for the agriculture sector,General,Neutral
2022-08-26,"Cost of living: Study shows 68 percent ‘unhappy’, government reacts",General,Negative
2022-08-25,Mixed views as new fees on electronic transactions bite,General,Negative
2022-08-19,"US, Kenya top Tanzania's source of tourists",General,Neutral
2022-08-18,Post-Covid restart offers African airlines a new chance,General,Neutral
2022-08-18,Bolt drivers ask government to intervene,General,Neutral
2022-08-18,It's a high speed race as telcos show interest in deploying 5G,General,Neutral
2022-08-17,Young street vendors get abusinessboost from Coca-Cola,General,Neutral
2022-08-17,Internet closer to reaching Mount Kilimanjaro peak,General,Neutral
2022-08-15,470 Tanzanite miners lose permits over Sh700 million unpaid dues,General,Neutral
2022-08-09,Huge relief as Samia launches fertiliser subsidy programme,General,Positive
2022-08-08,How Samia is opening up Mbeya economically,General,Neutral
2022-07-30,Tanzania eyes Dubai diamond market,General,Neutral
2022-07-28,"Gaming revenue increasing, board discloses",General,Neutral
2022-07-28,"Tanzania, World Bank launch renewed drive to make Dar greener",General,Neutral
2022-07-27,Tanzania must do more to exploit its huge tourism potential: IFC,General,Neutral
2022-07-27,How Sh580 billion fund will benefit women’s SMEs,General,Neutral
2022-07-27,"Give traders relief, local councils urged",General,Neutral
2022-07-24,How education sector benefited from Sh304 billion Covid relief fund,General,Neutral
2022-07-23,Construction of Arusha - Holili road to cost Sh920 billion,General,Neutral
2022-07-22,Recovery beckons as East African leaders meet in Arusha,General,Neutral
2022-07-20,Stakeholders call for review on fees for threshold for notification to FCC Act amendment,General,Neutral
2022-07-19,Tanzania's economic diplomacy starts to yield dividends,General,Positive
2022-07-19,$50 million road for launch as Arusha readies for EAC summit,General,Neutral
2022-07-18,How Tanzania can save billions of shillings with inclusive insurance,General,Neutral
2022-07-16,Two global ground handling firms reach acquisition agreement,General,Neutral
2022-07-15,"EXCLUSIVE: How Tanzania can transform Africa’s economy, food security",General,Neutral
2022-07-04,How to ramp up LPGbusinessin Tanzania,General,Neutral
2022-07-02,TRA collects record Sh22 trillion in 2021\22,General,Positive
2022-06-30,Report lists bottlenecks preventing SMEs growth in Tanzania,General,Neutral
2022-06-28,"Sh3.2 trillion invested in Zanzibar in 18 months, says Mwinyi",General,Positive
2022-06-26,TCAA issues stern warning to Dnata,General,Neutral
2022-06-25,How e-stamps changed TRA’s revenue collection,General,Neutral
2022-06-21,What $2 billion IPO of South African firm means in Tanzania,General,Neutral
2022-06-19,Why aiding Tanzania innovators can help tackle challenges,General,Neutral
2022-06-15,Tanzania and Italy sign loan to finance education programmes,General,Neutral
2022-06-14,High cost of living in the spotlight as government unveils 2022/23 Budget,General,Neutral
2022-06-13,Funguo opens its first application window for grant funding,General,Neutral
2022-06-09,Manufacturers want budget that will speed up recovery,General,Neutral
2022-06-01,"TBL, Vodacom now use blockchain to empower farmers",General,Neutral
2022-05-29,Controversy as UK firm seeks to revive exploration work in Tanzania,General,Neutral
2022-05-28,"Brela threatens to revoke registration of 5,000 dormant firms",General,Negative
2022-05-28,"NMG, TBL in new deal to mitigate climate change",General,Neutral
2022-05-27,Why government should lift suspension on ICDs,General,Neutral
2022-05-12,Bloomberg to coach over 50 journalists on financial reporting in Tanzania,General,Neutral
2022-05-12,"How EU support created 150,000 jobs in Tanzania",General,Positive
2022-05-12,Tourism stakeholders urge tech adoption to unlock potential,General,Neutral
2022-05-09,Five firms’ profits point to recovery from Covid,General,Positive
2022-05-08,What extension of loans to technical education means,General,Neutral
2022-05-01,Tanzania private sector welcomes regional e-commerce strategy,General,Neutral
2022-04-28,Report ranks Tanzania 7th in number of dollar millionaires in Africa,General,Positive
2022-04-27,African airlines sustain high passenger growth as more states end covid curbs,General,Neutral
2022-04-20,Court orders Eden Tanzania to pay TBL Sh607 million,General,Neutral
2022-04-18,‘China and Tanzania will work together on more model projects’,General,Neutral
2022-04-17,Magufuli Bus Terminal: Of low revenue amid huge potential,General,Neutral
2022-04-15,President Samia places bet on private sector technocrats to turnaround beleaguered MSD,General,Neutral
2022-04-14,Unyiha to pay Yara Tanzania Sh476m for breach of contract,General,Neutral
2022-04-05,Uganda overtakes Tanzania as most profitable regional unit for DTB Group,General,Neutral
2022-04-05,TRA sets 15-year collection record as target now within reach,General,Positive
2022-04-03,Why critical minerals are vital to Tanzania,General,Neutral
2022-03-31,EU investors laud moves to improvebusinessclimate in Tanzania,General,Positive
2022-03-28,Tanzania moves to shield itself from Ukraine war fallout,General,Neutral
2022-03-26,Ilunga Secondary School gets a shot in the arm from beverage manufacturer,General,Neutral
2022-03-23,Why manufacturers are sceptical about electronic tax stamps tender,General,Negative
2022-03-22,Investors now to obtain permits within Seven days,General,Positive
2022-03-19,A year of private sector reform,General,Neutral
2022-03-15,President Samia’s economic feat as she clocks one year in office,General,Neutral
2022-03-11,Tanzania registers projects worth Sh18.75 trillion in one year,General,Neutral
2022-03-08,SGA security scoops top award in mining sector,General,Neutral
2022-03-08,Rise in gold prices could be a blessing for Tanzania,General,Positive
2022-03-07,"TTCL, Huawei sign agreement to improve communication technology",General,Neutral
2022-03-07,Bright future for tourism and hospitality industry,General,Positive
2022-03-03,Dar es Salaam and Nairobi City Lodge Hotels up for sale,General,Neutral
2022-03-03,The difficult choice: Domestic versus foreign investment,General,Neutral
2022-03-03,Revealed: Why air tickets are expensive in East Africa,General,Negative
2022-03-02,How Tanzania can boost women’s economic role,General,Neutral
2022-02-28,Tanzania bags Sh17.3 trillion deals at Expo Dubai,General,Positive
2022-02-27,Samia in Dubai: Why Tanzania is first choice for investors,General,Positive
2022-02-24,Report lists factors attracting investors in Tanzania,General,Neutral
2022-02-22,How Tanzania can fully benefit from economic diplomacy,General,Neutral
2022-02-17,How Tanzania can benefit from EPAs,General,Neutral
2022-02-10,Localbusinesscaptains adopt climate change as a key agenda,General,Neutral
2022-02-01,How Currencies can Impact your Investments,General,Neutral
2022-02-01,DSTV to restore local channels as government backtracks on FTA rule,General,Neutral
2022-01-31,Top oil producers to meet as crude prices rise,General,Neutral
2022-01-29,How Nala plans to spend Sh23 billion funding,General,Neutral
2022-01-29,"How geothermal can boost tourism, farming, education",General,Neutral
2022-01-27,Should Tanzania introduce Google tax?,General,Neutral
2022-01-26,"Experts, traders propose market structures befitting petty traders",General,Neutral
2022-01-26,Linking digital advancements to economy,General,Neutral
2022-01-25,How Tanzania can harness true potential in the rising digital space,General,Neutral
2022-01-19,Inside Tanzania’s remittancebusiness,General,Neutral
2022-01-18,How continental trading platform can benefit you,General,Neutral
2022-01-10,Where investors reaped big in 2021,General,Neutral
2022-01-07,Number of Saccos drops in latest BoT registration,General,Neutral
2022-01-06,Tourism on the right track as earnings soar by 53 percent,General,Positive
2022-01-05,Brela extends the listing of firms’ beneficial owners,General,Neutral
2022-01-03,Dar bourse ‘all set for rebound’ after festive season slowdown,General,Neutral
2022-01-03,Experts predict what’s in store for Tanzania economically in 2022,General,Neutral
2022-01-02,How brewer SBL supported economic development in Tanzania in 2021,General,Neutral
2024-12-30,E-commerce set to thrive,General,Neutral
2024-12-25,TBS: Product certification key to sustainable business,General,Neutral
2024-12-24,"Expert insights on Tanzania’s personal, business income tax systems",General,Neutral
2024-12-19,‘Fitch B+ rating reflects  economic strength’,General,Positive
2024-12-17,Shivo Towers: A game-changer for Zanzibar’s property market,General,Neutral
2024-12-17,Fitch affirms Tanzania at ‘B+’ with stable outlook,General,Neutral
2024-12-17,"What analysts, business leaders say on corporate tax",General,Neutral
2024-12-15,Boost for economic stability,General,Positive
2024-12-12,TBS destroys 18m/- substandard goods,General,Neutral
2024-12-10,Money in vs money out? Rethinking Africa’s climate financing solutions,General,Neutral
2024-12-10,Tanzania’s financial inclusion revolution: From savings to stock trading,General,Neutral
2024-12-04,Drones to monitor marine resources countrywide,General,Neutral
2024-12-03,Dar traders celebrate record profits after Black Friday,General,Positive
2024-12-03,Stock Exchange: Reformation for growth,General,Neutral
2024-12-02,Beverage industry sees significant growth,General,Positive
2024-11-29,Absa on initiative to drive up cashless economy,General,Neutral
2024-11-28,Vodacom commits to drive up cashless economy,General,Neutral
2024-11-28,Dar businesses thrive on election day,General,Positive
2024-11-27,DSE market activity slows for Christmas,General,Neutral
2024-11-27,UDSM ponders ways to address agri-food challenges,General,Neutral
2024-11-25,Shoppers enjoy 40pc Black Friday discounts,General,Neutral
2024-11-22,Govt urges producers to prioritise standards,General,Neutral
2024-11-22,Registrar urges Saccos to comply with Coops laws,General,Neutral
2024-11-19,Kariakoo building collapse: A financial wake-up call for Tanzania,General,Negative
2024-11-19,From colonial legacies to transformative tax reforms,General,Neutral
2024-11-18,TNBC launches working group on ‘blue economy’,General,Neutral
2024-11-15,"Japan, a true Tanzanian ally fostering a partnership for sustainable growth, prosperity",General,Positive
2024-11-11,GF to assemble ten trucks a day,General,Neutral
2024-11-09,Tanzania should capitalise on China’s BRI initiative,General,Neutral
2024-11-09,Impressive revenue collection,General,Positive
2024-11-07,New policy to boost local content,General,Neutral
2024-11-05,DSE turnover surges almost  four times in seven days,General,Positive
2024-11-05,TBS urges manufacturers to leverage standards for growth,General,Neutral
2024-11-04,"SACCOS is key to financial stability, growth: Registrar",General,Neutral
2024-11-01,Moody’s Report: Tanzanian economy strong in Sub-Saharan Africa,General,Positive
2024-10-31,Uchumi income triples through debt collection,General,Positive
2024-10-28,BRICS Pay to transform Global Cross-Border Payments,General,Neutral
2024-10-26,"Simplify business registration process, Brela told",General,Neutral
2024-10-24,Mkenda: Enhance financial education initiatives,General,Neutral
2024-10-24,CEOs show mixed views about growth prospects,General,Neutral
2024-10-23,"Key MoU to enhance digitalisation, promote digital economy",General,Neutral
2024-10-19,ESRF: A pillar of Tanzania’s economic and social development,General,Neutral
2024-10-18,Govt signs 22bn/- contract for construction of two markets in Mwanza,General,Neutral
2024-10-17,EABC: Address information barriers for youth enterprises,General,Neutral
2024-10-17,This is how OTR’s non-tax revenue can reach 10pc,General,Neutral
2024-10-16,What Tanzania can gain from the 7th CIIE in Shanghai,General,Neutral
2024-10-15,DSE launches initiative to boost investment literacy,General,Neutral
2024-10-11,TotalEnergies service stations across Tanzania to serve as DHL Service Points,General,Neutral
2024-10-10,Why Tanzania is a promising investment destination in East Africa,General,Positive
2024-10-08,Young women catalysts for economic transformation in Africa,General,Neutral
2024-10-08,"Lack of capital, business skills hinder women entrepreneurs",General,Neutral
2024-10-04,Government calls on regions to drive industrial growth,General,Neutral
2024-10-04,Industrial output surges in Q2,General,Positive
2024-10-03,Tanzania urges SADC regional efforts to sustain growth,General,Neutral
2024-10-02,Economic diplomacy yields 11tri/- projects,General,Neutral
2024-10-02,TRA hits record collections,General,Positive
2024-10-02,DSE soars 22pc in nine months,General,Positive
2024-09-28,Why Tanzania is ideal for investment,General,Positive
2024-09-26,Tanzania credits Citibank’s support in boosting economy,General,Positive
2024-09-25,Serious investor? Tanzania is your destination,General,Positive
2024-09-23,UNDP boss rolls out strategy to link tourism with rural economy,General,Neutral
2024-09-23,Small scale industries exhibition set for next month,General,Neutral
2024-09-23,Govt reinstates call for financial support for entrepreneurs,General,Neutral
2024-09-21,Missenyi invites investment opportunities,General,Neutral
2024-09-20,Govt creates support  for women entrepreneurs,General,Neutral
2024-09-20,Tanzania moves closer to global helium production,General,Positive
2024-09-19,CAPITAL MARKET: Tanzanian women urged to formalise businesses,General,Neutral
2024-09-19,TBS: Elevating standards for global competitiveness,General,Neutral
2024-09-18,Missenyi ripe for investors,General,Neutral
2024-09-17,DSE turnover  quadruples to 2.93bn/-,General,Neutral
2024-09-17,“Navigating market uncertainty: Strategies for investor,General,Neutral
2024-09-16,TZ enjoys investment boom,General,Positive
2024-09-15,Why uplifting welfare of local investors pertinent,General,Neutral
2024-09-13,"Majaliwa: Government to continue supporting investors, businesspeople",General,Neutral
2024-09-13,Investment boom creates thousands of jobs,General,Positive
2024-09-13,Milestones in regulatory reform and investment environment programme,General,Neutral
2024-09-11,Mkuranga DC to disburse 1bn/- in loans to special groups,General,Neutral
2024-09-05,TCB applauds President Samia for boosting coffee prices,General,Positive
2024-09-05,ZRA surpasses revenue collection target for August,General,Positive
2024-09-05,‘Gender-responsive finance crucial for climate change solutions’,General,Neutral
2024-09-04,TBS urges car parts importers to adhere to quality standards,General,Neutral
2024-09-04,TIMEXPO to drive industrial sector growth,General,Neutral
2024-08-31,Why power of saving is set for a secure future to the youth,General,Neutral
2024-08-30,TOL Gases profit declines by 22 per cent,General,Negative
2024-08-30,TPSF revels in TZ  firm’s acquisition of  Kenya’s company,General,Neutral
2024-08-30,How public entities can go global,General,Neutral
2024-08-29,"Play part in competitive economy, Prof Kitila tells public entities",General,Neutral
2024-08-28,TWCC empowers members to secure public and private tenders,General,Neutral
2024-08-28,Projects must align with value for money – PM,General,Neutral
2024-08-27,"ATCL new wide-body jet enhances capacity, market reach",General,Neutral
2024-08-26,TIC Catalysing investment and economic growth in Tanzania,General,Neutral
2024-08-26,‘Chinese firms positively impact key sectors in Tanzania’,General,Neutral
2024-08-25,Economic development through Kizimkazi Festival,General,Neutral
2024-08-22,"UDSM to establish mineral exploration academy, laboratory",General,Neutral
2024-08-21,Simba cement shares drop 6.0pc in one week,General,Negative
2024-08-21,"Financial, insurance register highest growth in Q1",General,Positive
2024-08-21,Tanzania surge in aviation sector,General,Positive
2024-08-20,CRDB’s Bull run: Time to buy or brake?,General,Neutral
2024-08-20,DSE gains on positive H1 earnings reports from banks,General,Positive
2024-08-20,TBS to drive up innovation through quality awards,General,Neutral
2024-08-19,Dar es Salaam to host landmark conference on economic dispute,General,Neutral
2024-08-19,How ICT is modernising agriculture,General,Neutral
2024-08-19,"Tanzania’s balancing act: Infrastructure, fiscal discipline",General,Neutral
2024-08-14,Project launched to enhance food security,General,Neutral
2024-08-13,NGO dedicated in boosting agricultural growth,General,Neutral
2024-08-13,"Youth key players in digital economy, says Dr Kusiluka",General,Neutral
2024-08-11,INCLUSIVE GROWTH:  Samia backs co-ops services,General,Neutral
2024-08-09,TEMDO designs tech to suit local industrial growth,General,Neutral
2024-08-06,EU to release 100bn/- for sectoral reforms in Tanzania,General,Neutral
2024-08-06,"Expand provision of education on carbon trading, NCMC told",General,Neutral
2024-08-05,"NMB: Financial education deficit hinders youth, women in agriculture",General,Neutral
2024-08-02,TCB and ZEEA sign MOU to drive inclusive development in Zanzibar,General,Neutral
2024-08-02,‘Digital platforms to stimulate capital markets’,General,Neutral
2024-08-02,Prof Lipumba lauds SGR project for economic boost,General,Positive
2024-07-30,Dar to become regional capital markets hub,General,Positive
2024-07-30,Innovation surge fuels Tanzania’s startups,General,Neutral
2024-07-26,Capital market key driver of economic growth: Analysts,General,Positive
2024-07-26,Tanzania’s economy spurs Russian ties,General,Positive
2024-07-23,Key factors for selecting most rewarding stocks,General,Neutral
2024-07-22,Mobile money surge fuels digital economy,General,Neutral
2024-07-17,DITF records 3.6bn/- total sales in fair,General,Positive
2024-07-14,TRA tasked to research  for taxable income,General,Neutral
2024-07-09,Learning from 48th DITF: SMEs must become resilient to ensure a sustainable future,General,Neutral
2024-07-09,Iringa set to blossom with upcoming REGROW projects,General,Neutral
2024-07-07,Analysts commend Samia on business environment,General,Neutral
2024-07-06,NHC plan to modernize Kariakoo on top gear,General,Neutral
2024-07-06,"Why govt urges youths, women participation in capital market",General,Neutral
2024-07-06,‘TZ fully committed to fisheries development’,General,Neutral
2024-07-05,Kagera hails govt measures to rescue TANICA,General,Neutral
2024-07-04,"TIRDO unveils leather, textile lab",General,Neutral
2024-07-04,Single window system for businesses kicks off,General,Neutral
2024-07-03,"Electronic tax stamp on cement, sugar in offing",General,Neutral
2024-07-02,DSE turnover rises  42pc pushed by TCC,General,Positive
2024-07-02,EACOP allays fears over jetty project,General,Neutral
2024-06-29,Experts push for General Tyre revival,General,Neutral
2024-06-27,State promises to protect local sugar industries,General,Neutral
2024-06-26,DSE owners approve 145/- dividend per share,General,Positive
2024-06-25,Tanzania to address challenges faced by seafarers,General,Neutral
2024-06-24,Blue Economy Boost: DMI and TASAC partner to Ilimprove safety culture in Tanzanian waters,General,Neutral
2024-06-21,CTI asks govt to remove overlapping levies,General,Neutral
2024-06-20,"EU, FSDT sign deal to enhance economic inclusion",General,Neutral
2024-06-19,Tanzania attracts 7.4tri/- annually from US ties- Report,General,Neutral
2024-06-18,Tantrade envisages to reach DITF target,General,Neutral
2024-06-17,PwC welcomes broader powers to Tax Ombudsman,General,Neutral
2024-06-15,Zanzibar 5.1tri/- budget thrills residents,General,Positive
2024-06-14,Govt lists ten priorities for  socio-economic prosperity,General,Neutral
2024-06-13,Tanzania’s economy grows by 5.4 percent,General,Positive
2024-06-13,"Govt lauds IFAD for agri, fisheries projects",General,Neutral
2024-06-12,DIVIDEND DAY 2024: TCB’s recognised for pioneering rapid transformation,General,Positive
2024-06-12,EACOP compensation payment reaches over 99pc,General,Neutral
2024-06-12,"Dar fair registers 23 countries, historic high",General,Positive
2024-06-12,Puma expresses  satisfaction over  investment climate,General,Positive
2024-06-11,President receives dividends from public institutions,General,Neutral
2024-06-05,TSA: Friendly environmemt is key for startup growth,General,Neutral
2024-06-04,Finance the fastest growing sector in the country,General,Positive
2024-06-04,"June, the best month to invest in long-tenure bonds",General,Neutral
2024-06-04,EPZA: Innovation is key to boosting productivity,General,Neutral
2024-06-04,TZ AVIATION SECTOR GROWTH: Samia sees brighter prospects,General,Positive
2024-05-31,Why private sector credit grows at decreasing rate,General,Negative
2024-05-30,Gvt dishes out 80bn/- to water project contractors,General,Neutral
2024-05-28,Capital markets investment value up by 23pc,General,Positive
2024-05-28,"FCC, TMA seal 1.56bn/- deal to spur efficacy",General,Positive
2024-05-27,"Extend financial services to rural areas, says Kitila",General,Neutral
2024-05-27,‘Conducive environment set for private sector growth’,General,Positive
2024-05-24,UG-TZ BUSINESS FORUM: PM points path to growth,General,Neutral
2024-05-23,The Township economy’s growth presents opportunities for investors near and far,General,Positive
2024-05-23,TARI surpasses research target,General,Positive
2024-05-22,Cement consumption rises 20pc in 2023,General,Positive
2024-05-22,Repossession of idle industries in top gear,General,Neutral
2024-05-21,Exim Smart Shule unveiled to streamline education finance,General,Neutral
2024-05-17,Swissport Tanzania announces 51/- dividend,General,Positive
2024-05-17,‘Effective tax policy key to end poverty’,General,Neutral
2024-05-16,Tanga bond opens doors for subnational instruments,General,Neutral
2024-05-16,How financial sector grapples with internet disruptions,General,Neutral
2024-05-10,President Samia pushes for industrial linkage,General,Neutral
2024-05-09,Intellectual property registered by locals surges – BRELA,General,Neutral
2024-05-09,TIC wins investment promotion agency award in Africa,General,Positive
2024-05-08,Tanzania enjoys airline passengers upsurge,General,Positive
2024-05-07,"ATCL, SGR top budget priorities in Tanzania",General,Neutral
2024-05-06,Dar set to become mining hub,General,Neutral
2024-05-04,Three-wheeler financing for cleaner vehicles unveiled in Tanzania,General,Neutral
2024-05-02,NFRA food reserves climb to ten-year high,General,Positive
2024-05-01,Stock trading via mobile app balloons eight times,General,Positive
2024-04-29,Corporate survival hinges on technology,General,Neutral
2024-04-25,"Exim to empower 600,000 in four years",General,Neutral
2024-04-19,RC urges Inchcape Automative Tanzania to champion tax compliance,General,Neutral
2024-04-17,Compensation for Bagamoyo Port project completed,General,Neutral
2024-04-10,Councils urged to allocate land for BBT project,General,Neutral
2024-04-09,Local counters shine at DSE in Q1,General,Positive
2024-04-05,ZRA make admirable revenue collection in nine months,General,Positive
2024-04-03,Rukwa records success in road construction,General,Positive
2024-04-03,Private sector owns 70pc of financial sector,General,Neutral
2024-03-28,New heights in ICT businesses,General,Positive
2024-03-27,Capital markets transcend in Samia’s 3 years of leadership,General,Positive
2024-03-25,Z’bar: 100 shops closed for sugar hoarding,General,Negative
2024-03-23,Tanzania gets 128bn/- to enhance revenue management,General,Positive
2024-03-16,"Tanzania self-sufficient in steel, says Prof Mkumbo",General,Positive
2024-03-15,Dar to host 3rd blue economy conference,General,Neutral
2024-03-15,"SUA to develop cheap, quality animal fattening feeds",General,Neutral
2024-03-15,Coast assures investors of friendly investment environment,General,Neutral
2024-03-13,"Companies, business laws under review for more productivity",General,Neutral
2024-03-12,Most development projects at advanced stages – Govt,General,Neutral
2024-03-06,DSE posts high monthly turnover after four years,General,Neutral
2024-03-02,"Tax compliance, education can work wonders",General,Neutral
2024-03-01,20 online ride-hailing companies apply for LATRA licences,General,Neutral
2024-02-28,DSE out to foster investment literacy,General,Neutral
2024-02-28,Private schools entitled to pay tax- house of reps told,General,Neutral
2024-02-28,Zanzibar reaps big from Tanzania’s economic diplomacy,General,Neutral
2024-02-27,TPSF: Why Tanzania should attract more investments,General,Neutral
2024-02-27,Minister: Most people don’t understand the reasons for paying Taxes,General,Neutral
2024-02-27,High hopes as JNHPP begins production,General,Positive
2024-02-24,EPZA evaluates industries to improve database,General,Neutral
2024-02-23,Clothes made from Tanzania’s cotton shine at London exhibition,General,Positive
2024-02-23,"Digitise issuance of honey export permits, govt challenged",General,Neutral
2024-02-23,"Govt, private sector to team up in Bagamoyo SEZs",General,Neutral
2024-02-23,Exim commits to boost tourism efforts in Zanzibar,General,Neutral
2024-02-22,Why economy is on right track,General,Neutral
2024-02-21,SMEs urged to register businesses for brighter future,General,Neutral
2024-02-20,Country’s tourism sector on new records,General,Positive
2024-02-19,TBS advises grain importers to abide by standards,General,Neutral
2024-02-19,StandChart hosts finance climate forum in Dar,General,Neutral
2024-02-19,TIC registers over 1tri/- projects in January,General,Neutral
2024-02-15,TCCIA vows to unlock economic opportunities,General,Neutral
2024-02-15,"JICA, DIEN set to enhance innovation",General,Neutral
2024-02-14,"Shares, bond sales increase significantly",General,Positive
2024-02-14,"UNIDO, TIB to enhance bioenergy sector",General,Neutral
2024-02-13,SMEs told to produce high  quality goods to access loans,General,Neutral
2024-02-12,Financial inclusion key to development: Governor,General,Neutral
2024-02-09,"Tourism earnings jump to 8.25tri/-, Bunge told",General,Positive
2024-02-09,"TIC targets 1,000 projects in 2024",General,Neutral
2024-02-08,Analysts: New tax stamp fees to boost collections,General,Positive
2024-02-07,PM thumbs up pace for construction of govt city,General,Positive
2024-02-06,Kalambo Council budget up by 6.5pc,General,Neutral
2024-02-03,Fishery modernisation key to economic growth,General,Neutral
2024-02-03,NEEC: Financial discipline important in making borrowers benefit from soft loans,General,Neutral
2024-02-03,New push to unlock new economic opportunities,General,Neutral
2024-02-02,Govt commits to boosting insurance contribution to economy,General,Neutral
2024-02-01,How 2tri/- development funds uplifted Mbeya,General,Neutral
2024-01-30,EAC states: Borrow a  leaf from Kenya carbon  trading deals,General,Neutral
2024-01-29,Block-trading drought affects DSE turnover,General,Negative
2024-01-27,DSE stock value up by 68pc,General,Positive
2024-01-25,JK to start producing white cement locally,General,Neutral
2024-01-23,Mo Dewji’s net wealth jumps to $1.8 billion,General,Neutral
2024-01-19,Livestock infrastructure management body in offing,General,Neutral
2024-01-19,Multi-million-dollar flower industry to be revived,General,Neutral
2024-01-19,"TBS, ZBS cooperation bolsters product safety",General,Neutral
2024-01-18,Mining Commission urges mining firms buy local equipment,General,Neutral
2024-01-17,Azania profit rises by 7.7 per cent,General,Positive
2024-01-17,Pundits optimistic on Tanzania’s economic growth,General,Positive
2024-01-17,Tanzania set aside 48bn/- for  diploma students’ loans,General,Neutral
2024-01-15,Investors await first half of the year rally,General,Neutral
2024-01-12,Industrial Park project set to revitalize economy,General,Neutral
2024-01-12,Dar targets  38 trillion/- investments by next year,General,Neutral
2024-01-12,Mwinyi stresses use of formal trading areas,General,Neutral
2024-01-11,Mwinyi: Ro-Ro project will stimulate economy growth,General,Positive
2024-01-11,DSE records a bad month in December,General,Negative
2024-01-08,DSE begins 2024 on right foot,General,Neutral
2024-01-08,Residents lose 3.9bn/- in poultry farm scheme,General,Negative
2024-01-05,Entrepreneurs reap big in empty plastic bottle collection,General,Positive
2024-01-04,Firms’ earnings to drive up DSE in 2024,General,Neutral
2024-01-02,Dr Mwinyi hails NMB for supporting Z’bar economy,General,Positive
2023-12-29,Tanzania to revoke all dormant mining licenses – minister,General,Neutral
2023-12-25,DSE rallies despite Christmas celebrations,General,Positive
2023-12-22,Capital market investment up by 8pc,General,Positive
2023-12-21,Tanzania challenged to capitalise on credit opportunities,General,Neutral
2023-12-20,Merging entities key in tackling bureaucracy,General,Neutral
2023-12-19,"‘Low supply, high interests hinder housing sector growth’",General,Negative
2023-12-13,SBL joins elite UN affiliated corporates on sustainability,General,Neutral
2023-12-12,New body formed to address tax complaints,General,Neutral
2023-12-12,"BPS saves over 1tri/- in  premiums, demurrage charges",General,Positive
2023-12-11,TPA board chair tasks Bandari College on blue economy,General,Neutral
2023-12-10,"Experts stress value addition, monitoring in NDV 2050",General,Neutral
2023-12-10,Vision 2025 realisation hits 66pc,General,Positive
2023-12-09,Tanzania@62: Massive investment in health sector pays off,General,Positive
2023-12-06,Simba cement standout performer stock on DSE,General,Positive
2023-12-05,EAC rising carbon emission still low in global terms,General,Neutral
2023-12-05,"TRA, ZRA in final stages of integrating their tax systems",General,Neutral
2023-12-02,"Tanzania’s parks authority, CT sign mega carbon project deal",General,Neutral
2023-12-02,EACOP hands over 339 houses to  compensate affected people,General,Neutral
2023-11-30,TRA recognizes Huawei Tanzania as Most Compliant Taxpayer,General,Neutral
2023-11-29,CEOs considering AI to boost businesses,General,Neutral
2023-11-29,DSE heads to Santa Claus rally,General,Positive
2023-11-28,"Tanga, Twiga deal pushes turnover to the roof",General,Positive
2023-11-28,PM challenges TADB to be innovative in financial services,General,Neutral
2023-11-26,Govt pushes for research on e-business taxation,General,Neutral
2023-11-24,Z’bar reassures safety to foreign investors,General,Positive
2023-11-24,GFG programme enhances revenue collection,General,Positive
2023-11-23,Three councils in Rukwa fail to meet revenue goals,General,Negative
2023-11-23,TIC nets projects worth over 5tri/- in quarter one,General,Positive
2023-11-23,"Kikwete: Friendly environment for business, investment crucial",General,Positive
2023-11-23,Programme to empower women entrepreneurs initiated,General,Positive
2023-11-22,National Bureau of Statistics stresses trade data,General,Neutral
2023-11-22,Government vows to protect local contractors’ economies,General,Positive
2023-11-21,"TBS issues 145 certificates, licenses to manufacturers",General,Neutral
2023-11-21,"CBE, RSM set to equip students on accounting, finance",General,Neutral
2023-11-20,Swiss cement giant sells Tanzania business,General,Negative
2023-11-16,WB commends Tanzania for sustainable water projects,General,Neutral
2023-11-16,Tanzania excels in Absa  financial market index,General,Positive
2023-11-15,Tanzania cherishes WB’s capacity-building support,General,Neutral
2023-11-15,DSE launches scholar investment challenge,General,Neutral
2023-11-14,Weekly equity market activities strong,General,Neutral
2023-11-11,AfDB pushes for SAPZs scaling up,General,Neutral
2023-11-10,US: Tanzania’s strong private sector fundamental,General,Positive
2023-11-08,"Government, shareholders ink deal to reform Mbeya cement",General,Neutral
2023-11-07,Equity turnover on DSE declines 40 per cent,General,Negative
2023-11-07,Tanga Cement emerges weekly top performer on DSE,General,Positive
2023-11-07,EAC FDI increase despite global uncertainties,General,Positive
2023-11-07,Five-year research to up economic inclusiveness,General,Neutral
2023-11-04,Why Zanzibar economy grows at 7.1pc,General,Neutral
2023-11-02,DC: Put more efforts to formalise businesses,General,Neutral
2023-11-01,TRA appeals for proper business records,General,Neutral
2023-10-30,Twiga Minerals contribution to economy wins PM recognition,General,Neutral
2023-10-29,Corporate bonds value at DSE increases by 112pc,General,Positive
2023-10-28,Biteko hypes fisheries sector in poverty eradication,General,Neutral
2023-10-28,"Tanzania, Türkiye enjoy vibrant business atmosphere",General,Neutral
2023-10-25,Mwanga Hakika buys TMRC stake,General,Neutral
2023-10-24,DSE equity turnover up 50 pc,General,Positive
2023-10-20,LATRA contributes 14bn/- to govt coffers,General,Neutral
2023-10-20,How AFL valuable to Tanzania economy,General,Neutral
2023-10-20,TPHPA collects 95 pc revenue in Q1,General,Neutral
2023-10-17,GBT celebrates 20 years with tax contribution boost,General,Neutral
2023-10-17,The correlation between safety and returns,General,Neutral
2023-10-17,TIB throws 980bn/- behind achieving SDGs,General,Neutral
2023-10-16,Poultry fair brings 2000 stakeholders,General,Neutral
2023-10-06,TASAC contribution to govt rises by five folds,General,Positive
2023-10-06,"GS1, USAID plan to register 2500 SME barcode",General,Neutral
2023-10-03,DSE registers substantial surge in market activities,General,Neutral
2023-10-02,Twiga partnership creates sustainable value for stakeholders,General,Neutral
2023-09-30,TZ lays emphasis on economic diplomacy,General,Neutral
2023-09-29,TRA enhances efficiency through ICT technology,General,Neutral
2023-09-28,Zanzibar deploys electronic system to reduce cost of doing business,General,Neutral
2023-09-26,Mwinyi irked with skyrocketing prices of essential commodities,General,Negative
2023-09-22,Why Tanzania is best destination for investors,General,Positive
2023-09-21,Increasing public spending lower poverty levels,General,Neutral
2023-09-19,Why insurance premiums hit 1.2tri/-,General,Neutral
2023-09-16,State eyes cashew industrial park,General,Neutral
2023-09-15,Tanzanians urged to acquire art of gemstone value addition,General,Neutral
2023-09-14,TRA campaigns for correct receipts issuance,General,Neutral
2023-09-14,Govt bids to make Tanzania a top investment destination,General,Neutral
2023-09-14,"Modern call centre to transform livestock, fishery sector",General,Neutral
2023-09-14,‘Zanzibaris are duty-bound to demand receipts’,General,Neutral
2023-09-13,Africa’s Standard Bank stays bullish on Tanzania,General,Positive
2023-09-13,TIC to launch one stop electronic system centre,General,Neutral
2023-09-12,Private sector credit remains stable,General,Neutral
2023-09-12,MSMEs urged to capitalise on IMBEJU programme,General,Neutral
2023-09-11,"Exim, eGaz to accelerate Zanzibar’s digital change",General,Neutral
2023-09-11,TBS advises MSMEs on global standards,General,Neutral
2023-09-08,Local company enters joint venture to manufacture switchboards,General,Neutral
2023-09-08,Local company enters joint venture to manufacture switchboards,General,Neutral
2023-09-02,PSSSF eyes 10tri/- pension fund value,General,Neutral
2023-09-02,How Tanzania will benefit from food systems forum,General,Neutral
2023-09-01,Dar is ready for Africa’s Food Systems Forum 2023,General,Neutral
2023-08-31,USAID gives Dar 60bn/- for ‘Heshimu Bahari’,General,Neutral
2023-08-31,Households’ risks decline on high disposable income,General,Neutral
2023-08-29,"DCC to establish business, taxpayers’ database",General,Neutral
2023-08-29,How Stamico made incredible revenue rise,General,Positive
2023-08-28,Govt recapitalises TEMESA,General,Neutral
2023-08-23,Nyang’hwale surpasses 2022/23 revenue collection targets,General,Positive
2023-08-20,DSE exhibits favourable performance at all fronts,General,Positive
2023-08-16,"DSE traded value, domestic market cap up",General,Positive
2023-08-15,Postal services transformation pays off,General,Positive
2023-08-11,Diminished appetite for stocks hits DSE,General,Negative
2023-08-07,East Africa’s economy is set to outperform other African regions in 2023 and 2024,General,Positive
2023-08-07,PM calls lenders to design appropriate farmers products,General,Neutral
2023-08-07,NMB commits to uplift farmers welfare,General,Neutral
2023-08-07,TARI to construct infrastructures in 17 research centres,General,Neutral
2023-08-05,Why Russia relations vital for Tanzania economic growth,General,Neutral
2023-08-01,UTT AMIS makes historic growth in two years,General,Positive
2023-07-31,Citi profit rises four times in Q2,General,Positive
2023-07-29,"Putin promises grains, debt write-off as Russia seeks Africa allies",General,Neutral
2023-07-28,"Russia, Africa trade soars",General,Neutral
2023-07-28,Non-performing parastatals put on notice,General,Neutral
2023-07-28,DCC in grand plan to erect new markets,General,Neutral
2023-07-28,Mwanza fair to attract 850 traders,General,Neutral
2023-07-27,South Africa borrows bee-farming leaf from Tanzania,General,Neutral
2023-07-25,Why private sector is key in unlocking Africa’s human capital potential,General,Neutral
2023-07-24,TADB equips women in financial management,General,Neutral
2023-07-24,Kenya borrows a leaf from STAMICO success,General,Neutral
2023-07-21,Phoenix launch set to boost light commercial vehicle market,General,Neutral
2023-07-20,Africa’s infrastructure key in unlocking real estate market –Dr Manzungu,General,Neutral
2023-07-18,TIC aims to register projects worth 36.5tri/- in three years,General,Neutral
2023-07-18,DSE registers strong local investors’ participation,General,Neutral
2023-07-15,Tanzania eyes over 2tri/- from carbon trading annually,General,Positive
2023-07-12,Analysts say financial results will drive DSE activities,General,Neutral
2023-07-12,Construction sector leads in commercial disputes,General,Neutral
2023-07-12,Azania profit slows down in Q2,General,Negative
2023-07-11,Is it worth putting investments in DSE?,General,Neutral
2023-07-07,NSSF value up to 6.87tri/-,General,Positive
2023-07-06,Lifezone metals Tembo Nickel’s Mother Company takes Tanzania to the world,General,Neutral
2023-07-05,How effective e-system net 24tri/- tax collection,General,Neutral
2023-07-05,Firm turns coconut husks into ropes,General,Neutral
2023-07-04,How Isles tax reforms boost revenue collection,General,Neutral
2023-07-01,‘Economic reforms need public involvement’,General,Neutral
2023-07-01,Why BRT is recipe for economic growth,General,Positive
2023-06-30,Seek building materials that meet standards: TBS,General,Neutral
2023-06-29,"Embrace digital payment systems, financial institutions urged",General,Neutral
2023-06-28,"Govt initiates talks with Mchuchuma, investors to avert loss",General,Neutral
2023-06-24,Robust plan in place to empower fishermen in Lake Victoria,General,Neutral
2023-06-23,MultiChoice Tanzania raises DStv subscription rates,General,Negative
2023-06-23,Govt asks GS1 to market county barcode abroad,General,Neutral
2023-06-22,TBS commits to offer public awareness on standards,General,Neutral
2023-06-20,TBL stocks surge on DSE weekly reports,General,Positive
2023-06-20,‘Let’s focus on sectors  with competitive advantage’,General,Neutral
2023-06-19,VAT exemption on air charters thrills operators,General,Neutral
2023-06-19,BRELA challenges SMEs on market opportunities,General,Neutral
2023-06-15,Industrial sector propels Zanzibar’s real income to 3.5tri/-,General,Positive
2023-06-15,Dar economy sees strong growth,General,Positive
2023-06-14,DSE records substantial market turnover in May,General,Positive
2023-06-08,EPZA develops system to serve better investors,General,Positive
2023-06-07,TBS told to conduct product verification timely,General,Neutral
2023-06-06,DSE trading activities slow down,General,Negative
2023-06-05,IDRC grants 1.5bn/- for forced displacement research,General,Neutral
2023-06-02,CARGO PLANE:  New lease for economic growth,General,Positive
2023-06-02,Cook Fund opens 2nd round of clean cooking solutions,General,Neutral
2023-06-01,New milestone recorded in Tanzania adtech industry,General,Positive
2023-05-31,UDBS FINANCIAL INSIGHTS: Exploring investment avenues in the Tanzanian economy – Part 5: Certificate of deposit,General,Neutral
2023-05-29,DSE experiences three weeks of bull run,General,Positive
2023-05-26,400 women SMEs confirm to participate at Sabasaba fair,General,Neutral
2023-05-25,Ministry unveils new procedure to protect farmers,General,Neutral
2023-05-24,DSE returns to bull ran,General,Positive
2023-05-24,"Govt introduces Diaspora Digital Hub, NMB pledges support",General,Neutral
2023-05-24,Stakeholders ask IFAD to enhance implementation of AFDP project,General,Neutral
2023-05-23,TanTrade sees successful Sabasaba fair,General,Neutral
2023-05-23,Mwinyi: Sustainable blue economy requires collective efforts,General,Neutral
2023-05-22,"Economists, traders hail efforts to make K’koo lively",General,Neutral
2023-05-20,Mpango roots for startups elevation,General,Neutral
2023-05-19,"Petty traders, food vendors get lion’s share in budget",General,Neutral
2023-05-11,Report: Telecom subscribers hit 61.9 million,General,Neutral
2023-05-11,‘New Isles revenue collection systems impermeable’,General,Positive
2023-05-10,‘We’re not frustrating investors’,General,Neutral
2023-05-09,TAFICO sails out of capital turbulence,General,Neutral
2023-05-09,DSE’s stocks bull-run ends,General,Negative
2023-05-08,"State procures extra 18,000 tonnes of food",General,Neutral
2023-05-04,TASAC throws its weight rescue plan,General,Neutral
2023-04-29,Tanzania unveils plans to promote IP for economic growth,General,Neutral
2023-04-20,TBS waves SMEs verification fees for three years,General,Neutral
2023-04-16,Impressive economic growth,General,Positive
2023-04-15,Record high as LGAs collect 97 pc revenues,General,Positive
2023-04-13,Tanzanians challenged to capitalise on Chinese market,General,Neutral
2023-04-05,TPA deserves praise for seeing essence of modernizing port,General,Positive
2023-04-05,Why TRA fetched 5.9tri/- in third quarter,General,Neutral
2023-04-04,How Vision 2025 pushed economy to middle income status,General,Positive
2023-04-02,TPA urges use of cost-effective waterways,General,Neutral
2023-04-01,Kagera women entrepreneurs push for TBS regional lab,General,Neutral
2023-03-31,TCRA out to curb imported e-waste,General,Neutral
2023-03-29,"What Harris visit means for investment, business",General,Neutral
2023-03-28,Why Rufiji River Basin is critical for development,General,Neutral
2023-03-27,"TASAC equips seafarers, maritime professionals",General,Neutral
2023-03-27,Airtel hailed for 2Africa submarine cable project,General,Neutral
2023-03-24,TZ tourism earns extra international mileage,General,Neutral
2023-03-24,Trading Motor Company launches latest semi-hybrid vehicle in Dar,General,Neutral
2023-03-23,CEOs optimistic on GDP growth,General,Positive
2023-03-22,"Basics on Tax Evasion, Tax Avoidance and Tax Planning",General,Neutral
2023-03-21,Vodacom programme winners to empower small farmers,General,Neutral
2023-03-20,Friendly tax collection system pushes revenues up,General,Positive
2023-03-18,Why invest in Tanzania,General,Neutral
2023-03-14,Why electronic investment window crucial for economy,General,Neutral
2023-03-14,Investors await dividends announcement to make bold move,General,Neutral
2023-03-10,"Why TPA, MSCL collaboration worthwhile",General,Neutral
2023-03-07,Tanzanians urged to capitalise on global economic challenges,General,Neutral
2023-03-07,"WHY INVEST IN PEOPLE: Tanzania stresses on equitable, people-centered development",General,Neutral
2023-03-06,Exim launches programme to unlock potentials of women,General,Neutral
2023-03-04,How Mv Mwanza will reshape Lake Zone Economy,General,Neutral
2023-03-01,Right policies key in bridging digital financial gap,General,Neutral
2023-02-28,DSE outshines its peers in EAC,General,Positive
2023-02-28,Right policies vital for impactful real estate industry,General,Neutral
2023-02-25,"Women, blue economy get massive boost",General,Neutral
2023-02-24,Govt challenges builders to invest in low-cost house tech,General,Neutral
2023-02-23,Kagera Councils collect over 17bn/- revenue,General,Neutral
2023-02-23,Pesapal tips hotel industry to adopt new tech,General,Neutral
2023-02-22,DSE stocks clutch bullish mode,General,Positive
2023-02-21,"Africa promises broader, deeper economic integration",General,Neutral
2023-02-21,Govt plans to build cargo ship,General,Neutral
2023-02-21,‘Hold regular meetings with private sector stakeholders’,General,Neutral
2023-02-17,MV Magogoni to undergo  7.5bn/- massive upgrade,General,Neutral
2023-02-17,‘Dar ready for AfCFTA market’,General,Neutral
2023-02-15,"Align plans with govt, development partners urged",General,Neutral
2023-02-15,TCDC meeting to discuss cooperative development,General,Neutral
2023-02-14,Stimulus policies drive up private sector credit-WB,General,Positive
2023-02-11,Revenue collections hit 96pc,General,Positive
2023-02-08,Samia’s land rent exemption boosts revenue,General,Positive
2023-02-06,TBS calls for food vendors to get standards,General,Neutral
2023-02-01,EABC urges members to fast-track review of SMEs charter,General,Neutral
2023-01-31,DSE yo-yos as investors wait for 2022 financials,General,Neutral
2023-01-28,Joy as Darajani market reopens for business,General,Neutral
2023-01-27,Kilaini urges youth to exploit agriculture opportunities,General,Neutral
2023-01-27,EFTA joins forces with key players in supporting Tanzanian farmers,General,Neutral
2023-01-26,TIC registers 20 projects worth 300bn/- in Lake Zone,General,Neutral
2023-01-25,Kagera residents urged to invest in aquaculture,General,Neutral
2023-01-24,Chalamila pushes youth to engage in dairy farming,General,Neutral
2023-01-24,What 260bn/- fishing port means to Southern Circuit,General,Neutral
2023-01-23,SIDO equips business people with skills to boost efficiency,General,Neutral
2023-01-22,TZ reaps big from WEF,General,Neutral
2023-01-20,‘Tz on right track to foster development’,General,Positive
2023-01-19,WORLD ECONOMIC FORUM: Samia stresses agri-10/30 agenda,General,Neutral
2023-01-18,WORLD ECONOMIC FORUM:  Leaders address cost of living,General,Neutral
2023-01-18,Business community urged to capitalise on opportunities outside Tanzania,General,Neutral
2023-01-17,PM warns against smuggling subsidised fertilisers,General,Negative
2023-01-16,Investors hail Tanzania friendly atmosphere,General,Positive
2023-01-16,IFM tips entrepreneurs to cultivate investment mindset,General,Neutral
2023-01-15,Capital market investment value increases by 8pc,General,Positive
2023-01-14,Digital fertiliser subsidy receives mammoth support,General,Positive
2023-01-10,Regional Council foresees EAC’s economic growth,General,Neutral
2023-01-10,"DSE activities fall, indices rise",General,Neutral
2023-01-08,State in process to resume gemstone auctions,General,Neutral
2023-01-06,"‘Ban of timber exports, a boon to economy’",General,Positive
2023-01-03,Stakeholders urge collaborative focus to end inflation in 2023,General,Neutral
2023-01-03,DSE investors remain active in festive season,General,Neutral
2023-01-02,Project to enable TZ  export honey to China,General,Neutral
2022-12-31,Tanzania poised for productivity boom,General,Positive
2022-12-28,NMB is 2022 DSE top performer,General,Positive
2022-12-27,Market digests Treasury bond yields direction,General,Neutral
2022-12-26,DSE out of Santa Claus rally,General,Negative
2022-12-23,"Widen scope of empowering entrepreneurs, govt directs OSHA",General,Neutral
2022-12-22,DTBi commits support to innovation sector,General,Neutral
2022-12-21,Why after over-subscription Twiga bond trades on the DSE,General,Neutral
2022-12-20,DSE weekly turnover increases by 20 per cent,General,Neutral
2022-12-20,Investing in youth  key to development,General,Neutral
2022-12-17,Govt streamlines carbon trade,General,Neutral
2022-12-16,"ZNZ e-payment system for improvement, says Minister",General,Neutral
2022-12-14,Sharp meat rise to tighten consumers’ belt in festive season,General,Negative
2022-12-13,Reflections on annual  pulses market outlook,General,Neutral
2022-12-13,DSE weekly turnover registers slight improvement,General,Neutral
2022-12-12,DSE activities fall as festive season draws near,General,Neutral
2022-12-12,Manufacturers counselled on good business environment,General,Neutral
2022-12-12,Entrepreneurs told to embrace goods certification,General,Neutral
2022-12-11,"Embrace quality to compete with imported products, industrialists told",General,Neutral
2022-12-09,TPSF throws weight behind business promotion,General,Neutral
2022-12-08,TPSF launches zonal forums to promote business,General,Neutral
2022-12-07,PS counsels entrepreneurs on ICT use,General,Neutral
2022-12-06,"Inflation, the always unwelcome news",General,Negative
2022-12-05,PPP spearheads economic recovery,General,Neutral
2022-12-02,Quality to push Dar honey market globally,General,Positive
2022-12-01,FSDT forms alliance to boost small businesses,General,Neutral
2022-11-30,TBS counsel auto parts importers abide to standards,General,Neutral
2022-11-29,Does higher bank capital  desires spur or cutback  economic growth trajectory,General,Neutral
2022-11-29,Correlation between spending and saving,General,Neutral
2022-11-29,Builders cheer as round bar price drop,General,Positive
2022-11-29,CEOrt advises govt to tap diaspora skills,General,Neutral
2022-11-29,TBS ready to cooperation with stakeholders on standards,General,Neutral
2022-11-28,WB impressed by Arusha Tech progress,General,Neutral
2022-11-25,"TechnoServe programme to benefit 1,600 shops",General,Neutral
2022-11-23,Fishing sector vital with appropriate action,General,Neutral
2022-11-23,Massive transformations await tax Isles regime,General,Neutral
2022-11-22,Mwanza hosts financial week fair,General,Neutral
2022-11-19,TanTrade trains local manufactures,General,Neutral
2022-11-18,‘Tz on right foot to utilise digital economy’,General,Neutral
2022-11-17,ADEM plans massive infrastructure reforms,General,Neutral
2022-11-15,Why 5G network vital in scaling up economic growth,General,Neutral
2022-11-14,EABC launches platform to support SMEs,General,Neutral
2022-11-13,"Tanzania, China to deepen cooperation",General,Neutral
2022-11-13,Economic diplomacy TZ repositions to grab opportunities,General,Neutral
2022-11-10,"Current account, balance of payment deficit widen",General,Neutral
2022-11-09,Domestic revenues collection up by 18.5 pc,General,Neutral
2022-11-09,Improved business conditions push up private sector credit,General,Neutral
2022-11-09,Swissaid project links 1800 peasants to consumers,General,Neutral
2022-11-09,LG global sees growth in East African market,General,Positive
2022-11-08,TeIW to start operations soon,General,Neutral
2022-11-08,Tanga city council on track to  reclaim lost industrial glory,General,Neutral
2022-11-08,"DSE on recovery path, surges nine times",General,Positive
2022-11-08,SBL environmental projects key in addressing climate change challenges,General,Neutral
2022-11-08,Absa: Tanzania sustains stable economic growth,General,Positive
2022-11-07,Mongella lures Saudi investor,General,Neutral
2022-11-07,Vodacom M-kulima platform to register 6 million farmers,General,Neutral
2022-11-07,"WFP, Korea ink 13.8bn/-  deal for Kigoma farmers",General,Neutral
2022-11-06,Isles economy on speedy recovery- Mwinyi,General,Positive
2022-11-05,Mpango markets Tanzania’s irrigation framing,General,Neutral
2022-11-03,‘Take swift action to explore AfCFTA  opportunities’,General,Neutral
2022-11-02,Economists: Population growth huge asset for TZ,General,Positive
2022-10-31,NMB MasterBata 4th edition to boost customers’ incomes,General,Neutral
2022-10-30,TZ to reap big from Samia’s China visit,General,Neutral
2022-10-27,"Treasurer Registrar surpasses collection target, notches 852.98bn/-",General,Neutral
2022-10-27,SIDO reaches traders with value adding skills,General,Neutral
2022-10-25,Dar to open crowdfunding doors,General,Neutral
2022-10-24,Scholars: Tshisekedi visit to open more economic opportunities,General,Neutral
2022-10-23,Govt lauded for improving fisheries sector,General,Positive
2022-10-23,Govt streamlines extension services,General,Neutral
2022-10-21,EAC stresses quality products to broaden market,General,Neutral
2022-10-21,Govt injects over 60bn/- to modernise fisheries,General,Positive
2022-10-20,Dar economy tipped to resist global recession,General,Positive
2022-10-17,Online registration suitable for business sector,General,Neutral
2022-10-16,PM: We are on track to reduce sugar importation,General,Positive
2022-10-11,"CCBA, ISW join forces to empower food vendors",General,Neutral
2022-10-10,New policy to spur Z’bar blue economy,General,Neutral
2022-10-10,Govt commits safe cyberspace for businesses,General,Neutral
2022-10-09,Govt committed to improving   business environment,General,Neutral
2022-10-09,‘Come en masse to invest in central zone regions’,General,Neutral
2022-10-07,"Clean cooking businesses to get financial, technical assistance",General,Neutral
2022-10-07,"Tanga, Twiga cement merge deal hangs on thread",General,Neutral
2022-10-06,Govt reiterates support for SMEs growth,General,Neutral
2022-10-03,TRA COLLECTION RISE:  ‘Economic ascendancy foolproof’,General,Positive
2022-09-30,DC hypes diversification to boost employments,General,Neutral
2022-09-30,DC hypes diversification to boost employments,General,Neutral
2022-09-29,TZ eyes technological advancement  in new vision,General,Neutral
2022-09-28,"TBS, TMEA ink 9bn/-deal to improve ease doing business",General,Neutral
2022-09-26,"Tanzania, Saudi Arabia vow to promote economic development",General,Neutral
2022-09-25,EABC shapes business priorities,General,Neutral
2022-09-24,Deciphering China’s green growth miracle,General,Neutral
2022-09-23,TZ commits 2.3bn/- to Global Fund,General,Neutral
2022-09-23,Looking for hidden cost  of selling tax stamps,General,Neutral
2022-09-23,Govt insists need for innovative tech,General,Neutral
2022-09-22,Time to reap from blue economy,General,Neutral
2022-09-21,TZ to submit EACOP clarification to EU,General,Neutral
2022-09-21,TRANSACTION LEVIES RELIEF,General,Neutral
2022-09-21,Govt to address challenges facing Morogoro Garment Factory,General,Neutral
2022-09-20,Tanzania scraps levies imposed on electronic transactions,General,Positive
2022-09-19,Govt hails Barrick for successful implementation of local content policy,General,Neutral
2022-09-16,State moves to tame soaring commodity prices,General,Negative
2022-09-15,‘Tame sky-high food prices’,General,Negative
2022-09-13,Simba cement share rally despite losses,General,Neutral
2022-09-09,Tanga Cement owners to  brace for low earnings,General,Neutral
2022-09-07,How TZ expedites financial inclusion,General,Neutral
2022-09-07,BRELA urged to formalise Mara Region businesses,General,Neutral
2022-09-05,Private sector calls for harmonisation of standards in EAC,General,Neutral
2022-09-03,"Tanzania Economic, Trade Exchange Week in China scheduled for this Sept",General,Neutral
2022-09-02,TRANSACTION LEVY:  Here are benefits,General,Neutral
2022-09-02,Tanzania faces acute housing shortage,General,Neutral
2022-08-31,Swissport profit soars 12 times in six months,General,Positive
2022-08-31,"TZ seeks to be centre of Africa, world food trade",General,Neutral
2022-08-30,Weekly DSE market indices post downward trend,General,Negative
2022-08-30,Block trading pushes DSE activities,General,Neutral
2022-08-26,Tanzania is a sleeping vegetable giant,General,Neutral
2022-08-26,"TBL biggest tax payer, pays almost half a billion shilling",General,Positive
2022-08-25,I&M Group profit up 16pc,General,Positive
2022-08-25,"China, Tanzania jointly implementing ‘nine programmes’ has good start, bright prospects",General,Positive
2022-08-24,"UDSM embarks on financial, investment awareness initiative",General,Neutral
2022-08-23,COSTECH call on private sector to fund research projects,General,Neutral
2022-08-22,"New insurance push touted to mitigate livestock, farming risks",General,Neutral
2022-08-18,EABC: Market the bloc as single investment hub,General,Neutral
2022-08-18,‘Put Karema Port in use’,General,Neutral
2022-07-02,"Dar, Lisbon for stronger ties in blue economy",General,Neutral
